topic_id,canonical_question,tweet_refs,volume_score,keywords,priority
gauntlet_topic_1,How Gauntlet AI Tackles Legacy Enterprise Codebase Challenges?,https://twitter.com/Austen/status/1949901022912184557; https://twitter.com/Austen/status/1947326792022339853; https://twitter.com/Austen/status/1947343545360134521; https://twitter.com/rooshonline/status/1947115335368290564; https://twitter.com/Austen/status/1946943911899140428,9,"legacy codebase, enterprise, AI challenges",high
gauntlet_topic_2,How AI-first Development is Changing the Software Engineering Landscape?,https://twitter.com/Austen/status/1949330579125858463; https://twitter.com/Austen/status/1949185683676946883; https://twitter.com/Austen/status/1949271448385630710; https://twitter.com/Austen/status/1949132956078891287,8,"AI-first development, software engineering, industry trends",high
gauntlet_topic_3,What are the Benefits of Hiring from Gauntlet AI?,https://twitter.com/Austen/status/1949271448385630710; https://twitter.com/rooshonline/status/1948499503176143310; https://twitter.com/Austen/status/1948111240292712633; https://twitter.com/Austen/status/1948064129232585004; https://twitter.com/joingauntletai/status/1948050474286129599,7,"hiring, Gauntlet AI, benefits",medium
gauntlet_topic_4,How AI is Revolutionizing Code Understanding and Generation?,https://twitter.com/Austen/status/1948778174537478373; https://twitter.com/ashtilawat/status/1947815551180673457; https://twitter.com/Austen/status/1947403628350001382; https://twitter.com/Austen/status/1947338772699615728,7,"AI, code understanding, code generation",high
gauntlet_topic_5,How is Gauntlet AI Shaping the Future of AI Education?,https://twitter.com/Austen/status/1949330579125858463; https://twitter.com/Austen/status/1947613760664813709; https://twitter.com/Austen/status/1946937906364330329,6,"AI education, Gauntlet AI, future",medium
gauntlet_topic_6,What are the Challenges and Solutions in AI Implementation?,https://twitter.com/Austen/status/1949330526512259373; https://twitter.com/Austen/status/1949308043960700963; https://twitter.com/Austen/status/1948074631220404401; https://twitter.com/ashtilawat/status/1947815551180673457; https://twitter.com/joingauntletai/status/1947750199251640636,5,"AI implementation, challenges, solutions",high
gauntlet_topic_7,How AI is Transforming the Job Market and Career Opportunities?,https://twitter.com/Austen/status/1949330579125858463; https://twitter.com/Austen/status/1949185683676946883; https://twitter.com/rooshonline/status/1948499503176143310; https://twitter.com/Austen/status/1947229250550890897,5,"AI, job market, career opportunities",medium
gauntlet_topic_8,What are the Common Misconceptions about AI and its Capabilities?,https://twitter.com/LamarDealMaker/status/1949195322250367028; https://twitter.com/Austen/status/1949127999624040834; https://twitter.com/Austen/status/1947532255448207399; https://twitter.com/Austen/status/1946932250060153315,5,"AI, misconceptions, capabilities",medium
gauntlet_topic_9,How AI is Influencing Business Productivity and Efficiency?,https://twitter.com/Austen/status/1949330526512259373; https://twitter.com/Austen/status/1949308043960700963; https://twitter.com/ashtilawat/status/1947815551180673457; https://twitter.com/Austen/status/1946730456948355084,4,"AI, business productivity, efficiency",high
gauntlet_topic_10,What are the Future Predictions and Trends in AI Development?,https://twitter.com/Austen/status/1949127999624040834; https://twitter.com/Austen/status/1948075500309504402; https://twitter.com/Austen/status/1948071224824791263; https://twitter.com/Austen/status/1947781768037224721,4,"AI, future predictions, trends",medium
